{
    "providers": [

    { "type": "bitmap",
            "file": "minecraft:font/raid.png",
            "ascent": 13, "height": 52,
            "chars": ["\uE903"]
        },
	{ "type": "bitmap",
            "file": "minecraft:font/wither.png",
            "ascent": 13, "height": 52,
            "chars": ["\uE906"]
        },
	{ "type": "bitmap",
            "file": "minecraft:font/enderdragon.png",
            "ascent": 13, "height": 52,
            "chars": ["\uE907"]
        },
    { "type": "bitmap",
            "file": "minecraft:font/pixel.png",
            "ascent": 0, "height": 0,
            "chars": ["ᴀʙᴄᴅᴇғɢʜɪᴊᴋʟᴍɴᴏᴘǫʀᴛᴜᴠᴡʏᴢｓｘ◐"]
        },
    { "type": "bitmap",
            "file": "minecraft:font/pixel.png",
            "ascent": 0, "height": 0,
            "chars": ["\uE427"]
    },
    { "type": "bitmap",
            "file": "minecraft:font/admin.png",
            "ascent": 8, "height": 9,
            "chars": ["\uE012"]
        },
    { "type": "bitmap",
            "file": "minecraft:font/amethyste.png",
            "ascent": 8, "height": 9,
            "chars": ["\uE031"]
        },
    { "type": "bitmap",
            "file": "minecraft:font/moderateur.png",
            "ascent": 8, "height": 9,
            "chars": ["\uE169"]
        },
    { "type": "bitmap",
            "file": "minecraft:font/videaste.png",
            "ascent": 8, "height": 9,
            "chars": ["\uE177"]
        },
    { "type": "bitmap",
            "file": "minecraft:font/joueur.png",
            "ascent": 8, "height": 9,
            "chars": ["\uE257"]
        },
    { "type": "bitmap",
            "file": "minecraft:font/axolia.png",
            "ascent": 24, "height": 48,
            "chars": ["\uE263"]
        },
    { "type": "bitmap",
            "file": "minecraft:font/axolia.png",
            "ascent": 24, "height": 26,
            "chars": ["◑"]
        }
    ]
}
