{
    "parent": "item/netherite_sword",
	    "display": {
        "thirdperson_righthand": {
            "rotation": [ 0, -90, 55 ],
            "translation": [ 0, 4.0, 0.5 ],
            "scale": [ 1.45, 1.45, 1.45 ]
        },
        "thirdperson_lefthand": {
            "rotation": [ 0, 90, -55 ],
            "translation": [ 0, 4.0, 0.5 ],
            "scale": [ 1.45, 1.45, 1.45 ]
        },
        "firstperson_righthand": {
            "rotation": [ 0, -90, 40 ],
            "translation": [ 1.13, 3.2, 1.13 ],
            "scale": [ 1.1, 1.1, 1.1 ]
        },
        "firstperson_lefthand": {
            "rotation": [ 0, 90, -25 ],
            "translation": [ 1.13, 3.2, 1.13 ],
            "scale": [ 1.1, 1.1, 1.1 ]
        }
    },
    "textures": {
        "layer0": "item/patron/warping_witherblade"
    }
}
