{
    "parent": "item/generated",
    "textures": {
        "layer0": "item/bow"
    },
    "display": {
        "thirdperson_righthand": {
            "rotation": [ -80, 260, -40 ],
            "translation": [ -1, -2, 2.5 ],
            "scale": [ 0.9, 0.9, 0.9 ]
        },
        "thirdperson_lefthand": {
            "rotation": [ -80, -280, 40 ],
            "translation": [ -1, -2, 2.5 ],
            "scale": [ 0.9, 0.9, 0.9 ]
        },
        "firstperson_righthand": {
            "rotation": [ 0, -90, 25 ],
            "translation": [ 1.13, 3.2, 1.13],
            "scale": [ 0.68, 0.68, 0.68 ]
        },
        "firstperson_lefthand": {
            "rotation": [ 0, 90, -25 ],
            "translation": [ 1.13, 3.2, 1.13],
            "scale": [ 0.68, 0.68, 0.68 ]
        }
    },
    "overrides": [
	
        {
            "predicate": {
                "pulling": 1
            },
            "model": "item/bow_pulling_0"
        },
        {
            "predicate": {
                "pulling": 1,
                "pull": 0.65
            },
            "model": "item/bow_pulling_1"
        },
        {
            "predicate": {
                "pulling": 1,
                "pull": 0.9
            },
            "model": "item/bow_pulling_2"
        },
        {
            "predicate": {
                "custom_model_data": 1450104
            },
            "model": "item/trailblazer"
        },
        {
            "predicate": {
                "custom_model_data": 1450104,
                "pulling": 1
            },
            "model": "item/trailblazer/pulling_0"
        },
        {
            "predicate": {
                "custom_model_data": 1450104,
                "pulling": 1,
                "pull": 0.65
            },
            "model": "item/trailblazer/pulling_1"
        },
        {
            "predicate": {
                "custom_model_data": 1450104,
                "pulling": 1,
                "pull": 0.9
            },
            "model": "item/trailblazer/pulling_2"
        },
		{
            "predicate": {
                "custom_model_data": 1450105
            },
            "model": "item/ragnarok"
        },
        {
            "predicate": {
                "custom_model_data": 1450105,
                "pulling": 1
            },
            "model": "item/ragnarok/pulling_0"
        },
        {
            "predicate": {
                "custom_model_data": 1450105,
                "pulling": 1,
                "pull": 0.65
            },
            "model": "item/ragnarok/pulling_1"
        },
        {
            "predicate": {
                "custom_model_data": 1450105,
                "pulling": 1,
                "pull": 0.9
            },
            "model": "item/ragnarok/pulling_2"
        },
        {
            "predicate": {
                "custom_model_data": 1451104,
                "pulling": 1,
                "pull": 0.9
            },
            "model": "item/trailblazer/pulling_3"
        },
        {
            "predicate": {
                "custom_model_data": 1451105,
                "pulling": 1,
                "pull": 0.9
            },
            "model": "item/ragnarok/pulling_3"
        },
        {
            "predicate": {
                "custom_model_data": 1452104,
                "pulling": 1,
                "pull": 0.9
            },
            "model": "item/trailblazer/pulling_4"
        },
        {
            "predicate": {
                "custom_model_data": 1452105,
                "pulling": 1,
                "pull": 0.9
            },
            "model": "item/ragnarok/pulling_4"
        },
        {
            "predicate": {
                "custom_model_data": 1453104,
                "pulling": 1,
                "pull": 0.9
            },
            "model": "item/trailblazer/pulling_5"
        },
        {
            "predicate": {
                "custom_model_data": 1453105,
                "pulling": 1,
                "pull": 0.9
            },
            "model": "item/ragnarok/pulling_5"
        },
        {
            "predicate": {
                "custom_model_data": 1454104,
                "pulling": 1,
                "pull": 0.9
            },
            "model": "item/trailblazer/pulling_6"
        },
        {
            "predicate": {
                "custom_model_data": 1454105,
                "pulling": 1,
                "pull": 0.9
            },
            "model": "item/ragnarok/pulling_6"
        }
    ]
}
