{
  "parent": "minecraft:item/handheld",
  "textures": {
    "layer0": "minecraft:item/netherite_sword"
  },
  "overrides": [
		
		{
            "predicate": {
              "custom_model_data": 1450000
            },
            "model": "item/patron/daybreaker"
        },
		{
            "predicate": {
              "custom_model_data": 1450001
            },
            "model": "item/patron/witherblade"
        },
		{
            "predicate": {
              "custom_model_data": 1450003
            },
            "model": "item/chilling"
        },
        {
            "predicate": {
            	"custom_model_data": 1450004
            },
            "model": "item/sacrifice"
        },
        {
            "predicate": {
              "custom_model_data": 1450005
            },
            "model": "item/vampire"
        }
    ]
}